[
{
    "model": "lrex_study.study",
    "pk": 1,
    "fields": {
        "title": "DemoAcceptabilityRating",
        "slug": "demoacceptabilityrating",
        "creator": 1,
        "item_type": "mkd",
        "use_blocks": false,
        "pseudo_randomize_question_order": false,
        "enable_item_rating_feedback": false,
        "password": null,
        "participant_id": "none",
        "end_date": null,
        "trial_limit": null,
        "instructions": "## Instructions\r\n\r\nIn this study, you will be asked to rate sentences on a scale from 1 to 7. The question is how natural they sound to you \u2013 not necessarily in a formal text, but in an everyday conversation. Use 1 for completely unnatural and 7 for completely natural.\r\n\r\n---\r\n\r\n**Examples:**\r\n\r\nIf you find the following sentence fully natural, you can give it a high rating.\r\n\r\n*Peter often does his homework in the library.*\r\n\r\nIf the following sentence sounds unnatural/odd/wrong to you, you can give it a low rating.\r\n\r\n*Peter in the library often his homework does.*\r\n\r\n---\r\n\r\nWe are interested in your intuitive first impression of the sentences \u2013 don't think about them for too long.",
        "short_instructions": null,
        "contact_name": "L. Rex",
        "contact_email": "email@example.org",
        "contact_affiliation": "Example University",
        "contact_details": null,
        "consent_form_text": "This is a demo study provided by the L-Rex developers. The purpose is to illustrate features of the software. Your responses will be stored in anonymized form. Completing the study will take about 2 minutes.",
        "consent_statement": "I have read and understood the above information. I agree to participate in this study.",
        "intro": "## Welcome to the L-Rex demo study \"acceptability rating study\"\r\n\r\nThis demo study illustrates a short acceptability rating study.\r\n\r\nLet's assume that the research question is: which word order is preferred with particle verbs \u2013 \"...picked the book up...\" or \"...picked up the book...\"?\r\n\r\nThis demo illustrates the following L-Rex features:\r\n\r\n- **Latin-square distribution** of the critical items: each participant will see the sentences in one of the different word orders.\r\n- The study additionally contains four other sentences serving as **filler items/distractors**.\r\n- The stimuli are presented in **pseudo-randomized** order: critical items never directly follow each other.\r\n\r\nFor the purpose of illustration, you will see which item/condition is currently being presented in this demo study. Usually, this would not be visible to the participants.",
        "outro": "Thank you for taking a look at this L-Rex demo study!\r\n\r\n- [Try out the other L-Rex demo studies](https://lrex.2e2a.de/demo/) for an illustration of further features.\r\n- [Go back to the main page and start creating experiments with L-Rex](https://lrex.2e2a.de/) (user account required \u2013 sign up or log in).",
        "continue_label": "Continue",
        "save_consent_form_label": "Save this page",
        "consent_form_label": "Consent form",
        "contact_label": "Contact",
        "instructions_label": "Show/hide short instructions",
        "block_instructions_label": "Show/hide short instructions for this block",
        "optional_label": "optional",
        "comment_label": "Comment",
        "participation_id_label": "Participation ID",
        "password_label": "Password",
        "answer_question_message": "Please answer this question.",
        "answer_questions_message": "Please answer all questions.",
        "feedback_message": "Please note the following feedback.",
        "is_published": true,
        "is_finished": false,
        "created_date": "2020-09-09",
        "is_archived": false,
        "shared_with": []
    }
},
{
    "model": "lrex_study.study",
    "pk": 2,
    "fields": {
        "title": "DemoForcedChoice",
        "slug": "demoforcedchoice",
        "creator": 1,
        "item_type": "mkd",
        "use_blocks": false,
        "pseudo_randomize_question_order": false,
        "enable_item_rating_feedback": false,
        "password": null,
        "participant_id": "none",
        "end_date": null,
        "trial_limit": null,
        "instructions": "## Instructions\r\n\r\nIn this study, you will be asked how you would interpret pronouns like **he** or **she**.\r\n\r\n---\r\n\r\n**Example:**\r\n\r\n*Yesterday, I saw Julia and her mother. **She** seemed upset.*\r\n\r\nIf this sentence, the highlighted pronoun \"she\" could refer to Julia or to her mother. In other words, the second sentence could mean:  \r\n1. \"She (Julia) seemed upset\" or  \r\n2. \"She (Julia's mother) seemed upset\"  \r\nYou will be asked which interpretation you prefer.  \r\n\r\n---\r\n\r\nWe are interested in your intuitive first interpretation of the sentences \u2013 don't think about them for too long.",
        "short_instructions": null,
        "contact_name": "L. Rex",
        "contact_email": "email@example.org",
        "contact_affiliation": "Example University",
        "contact_details": null,
        "consent_form_text": "This is a demo study provided by the L-Rex developers. The purpose is to illustrate features of the software. Your responses will be stored in anonymized form. Completing the study will take about 2 minutes.",
        "consent_statement": "I have read and understood the above information. I agree to participate in this study.",
        "intro": "## Welcome to the L-Rex demo study \"forced-choice study\"\r\n\r\nThis demo study illustrates a forced-choice study.\r\n\r\nLet's assume that the research question is: do personal pronouns rather refer to the subject or object of the preceding sentence \u2013 e.g., in a text like \"Peter called Tom. He was unhappy\", does \"he\" refer to Peter or Tom?\r\n\r\nThis demo illustrates the following L-Rex features:\r\n\r\n- **Text formatting (boldface, italics)** in the stimuli, using Markdown.\r\n- Each stimulus has an **individual question** and an **individual pair of responses**.\r\n- **Balanced response presentation order**: in 50% of the cases, the subject of the preceding sentence is presented as the first option (Peter/Tom), in the other 50% the order is reversed (Tom/Peter).\r\n- Participants can optionally provide a **comment**.\r\n\r\nFor the purpose of illustration, you will see which item/condition is currently being presented in this demo study. Usually, this would not be visible to the participants.",
        "outro": "Thank you for taking a look at this L-Rex demo study!\r\n\r\n- [Try out the other L-Rex demo studies](https://lrex.2e2a.de/demo/) for an illustration of further features.\r\n- [Go back to the main page and start creating experiments with L-Rex](https://lrex.2e2a.de/) (user account required \u2013 sign up or log in).",
        "continue_label": "Continue",
        "save_consent_form_label": "Save this page",
        "consent_form_label": "Consent form",
        "contact_label": "Contact",
        "instructions_label": "Show/hide short instructions",
        "block_instructions_label": "Show/hide short instructions for this block",
        "optional_label": "optional",
        "comment_label": "Comment",
        "participation_id_label": "Participation ID",
        "password_label": "Password",
        "answer_question_message": "Please answer this question.",
        "answer_questions_message": "Please answer all questions.",
        "feedback_message": "Please note the following feedback.",
        "is_published": true,
        "is_finished": false,
        "created_date": "2020-09-09",
        "is_archived": false,
        "shared_with": []
    }
},
{
    "model": "lrex_study.question",
    "pk": 1,
    "fields": {
        "study": 1,
        "number": 0,
        "question": "How natural does this sentence sound to you?",
        "legend": "1 = very unnatural, 7 = very natural",
        "randomize_scale": false,
        "rating_comment": "none"
    }
},
{
    "model": "lrex_study.question",
    "pk": 2,
    "fields": {
        "study": 2,
        "number": 0,
        "question": "Q",
        "legend": "",
        "randomize_scale": true,
        "rating_comment": "False"
    }
},
{
    "model": "lrex_study.scalevalue",
    "pk": 1,
    "fields": {
        "number": 0,
        "question": 1,
        "label": "1"
    }
},
{
    "model": "lrex_study.scalevalue",
    "pk": 2,
    "fields": {
        "number": 1,
        "question": 1,
        "label": "2"
    }
},
{
    "model": "lrex_study.scalevalue",
    "pk": 3,
    "fields": {
        "number": 2,
        "question": 1,
        "label": "3"
    }
},
{
    "model": "lrex_study.scalevalue",
    "pk": 4,
    "fields": {
        "number": 3,
        "question": 1,
        "label": "4"
    }
},
{
    "model": "lrex_study.scalevalue",
    "pk": 5,
    "fields": {
        "number": 4,
        "question": 1,
        "label": "5"
    }
},
{
    "model": "lrex_study.scalevalue",
    "pk": 6,
    "fields": {
        "number": 5,
        "question": 1,
        "label": "6"
    }
},
{
    "model": "lrex_study.scalevalue",
    "pk": 7,
    "fields": {
        "number": 6,
        "question": 1,
        "label": "7"
    }
},
{
    "model": "lrex_study.scalevalue",
    "pk": 8,
    "fields": {
        "number": 0,
        "question": 2,
        "label": "A"
    }
},
{
    "model": "lrex_study.scalevalue",
    "pk": 9,
    "fields": {
        "number": 1,
        "question": 2,
        "label": "B"
    }
},
{
    "model": "lrex_materials.materials",
    "pk": 1,
    "fields": {
        "title": "FillersText",
        "slug": "demoacceptabilityrating-fillerstext",
        "study": 1,
        "item_list_distribution": "all-to-all",
        "is_filler": true,
        "is_example": false,
        "block": 0,
        "items_validated": true
    }
},
{
    "model": "lrex_materials.materials",
    "pk": 2,
    "fields": {
        "title": "ParticleVerbsItemsText",
        "slug": "demoacceptabilityrating-particleverbsitemstext",
        "study": 1,
        "item_list_distribution": "latin-square",
        "is_filler": false,
        "is_example": false,
        "block": 0,
        "items_validated": true
    }
},
{
    "model": "lrex_materials.materials",
    "pk": 3,
    "fields": {
        "title": "ForcedChoiceItems",
        "slug": "demoforcedchoice-forcedchoiceitems",
        "study": 2,
        "item_list_distribution": "all-to-all",
        "is_filler": false,
        "is_example": false,
        "block": 0,
        "items_validated": true
    }
},
{
    "model": "lrex_item.item",
    "pk": 1,
    "fields": {
        "slug": "demoacceptabilityrating-fillerstext-1a",
        "number": 1,
        "condition": "a",
        "materials": 1,
        "block": 1
    }
},
{
    "model": "lrex_item.item",
    "pk": 2,
    "fields": {
        "slug": "demoacceptabilityrating-fillerstext-2a",
        "number": 2,
        "condition": "a",
        "materials": 1,
        "block": 1
    }
},
{
    "model": "lrex_item.item",
    "pk": 3,
    "fields": {
        "slug": "demoacceptabilityrating-fillerstext-3a",
        "number": 3,
        "condition": "a",
        "materials": 1,
        "block": 1
    }
},
{
    "model": "lrex_item.item",
    "pk": 4,
    "fields": {
        "slug": "demoacceptabilityrating-fillerstext-4a",
        "number": 4,
        "condition": "a",
        "materials": 1,
        "block": 1
    }
},
{
    "model": "lrex_item.item",
    "pk": 5,
    "fields": {
        "slug": "demoacceptabilityrating-particleverbsitemstext-1a",
        "number": 1,
        "condition": "a",
        "materials": 2,
        "block": 1
    }
},
{
    "model": "lrex_item.item",
    "pk": 6,
    "fields": {
        "slug": "demoacceptabilityrating-particleverbsitemstext-1b",
        "number": 1,
        "condition": "b",
        "materials": 2,
        "block": 1
    }
},
{
    "model": "lrex_item.item",
    "pk": 7,
    "fields": {
        "slug": "demoacceptabilityrating-particleverbsitemstext-2a",
        "number": 2,
        "condition": "a",
        "materials": 2,
        "block": 1
    }
},
{
    "model": "lrex_item.item",
    "pk": 8,
    "fields": {
        "slug": "demoacceptabilityrating-particleverbsitemstext-2b",
        "number": 2,
        "condition": "b",
        "materials": 2,
        "block": 1
    }
},
{
    "model": "lrex_item.item",
    "pk": 9,
    "fields": {
        "slug": "demoforcedchoice-forcedchoiceitems-1a",
        "number": 1,
        "condition": "a",
        "materials": 3,
        "block": 1
    }
},
{
    "model": "lrex_item.item",
    "pk": 10,
    "fields": {
        "slug": "demoforcedchoice-forcedchoiceitems-2a",
        "number": 2,
        "condition": "a",
        "materials": 3,
        "block": 1
    }
},
{
    "model": "lrex_item.item",
    "pk": 11,
    "fields": {
        "slug": "demoforcedchoice-forcedchoiceitems-3a",
        "number": 3,
        "condition": "a",
        "materials": 3,
        "block": 1
    }
},
{
    "model": "lrex_item.item",
    "pk": 12,
    "fields": {
        "slug": "demoforcedchoice-forcedchoiceitems-4a",
        "number": 4,
        "condition": "a",
        "materials": 3,
        "block": 1
    }
},
{
    "model": "lrex_item.markdownitem",
    "pk": 5,
    "fields": {
        "text": "The woman picked up the book. *(item 1a)*"
    }
},
{
    "model": "lrex_item.markdownitem",
    "pk": 9,
    "fields": {
        "text": "Sue invited Emma. **She** is always nice to everyone. *(item 1)*"
    }
},
{
    "model": "lrex_item.markdownitem",
    "pk": 1,
    "fields": {
        "text": "A bird flew to its nest. *(filler 1)*"
    }
},
{
    "model": "lrex_item.markdownitem",
    "pk": 6,
    "fields": {
        "text": "The woman picked the book up. *(item 1b)*"
    }
},
{
    "model": "lrex_item.markdownitem",
    "pk": 7,
    "fields": {
        "text": "The man took off the shoe. *(item 2a)*"
    }
},
{
    "model": "lrex_item.markdownitem",
    "pk": 2,
    "fields": {
        "text": "He arrived on Tuesday. *(filler 2)*"
    }
},
{
    "model": "lrex_item.markdownitem",
    "pk": 10,
    "fields": {
        "text": "Dean insulted Roger. **He** is a horrible person. *(item 2)*"
    }
},
{
    "model": "lrex_item.markdownitem",
    "pk": 8,
    "fields": {
        "text": "The man took the shoe off. *(item 2b)*"
    }
},
{
    "model": "lrex_item.markdownitem",
    "pk": 3,
    "fields": {
        "text": "Mary at school yelled at a girl. *(filler 3)*"
    }
},
{
    "model": "lrex_item.markdownitem",
    "pk": 11,
    "fields": {
        "text": "Nina called Rebecca. **She** said something about the weather. *(item 3)*"
    }
},
{
    "model": "lrex_item.markdownitem",
    "pk": 12,
    "fields": {
        "text": "Harry met John. **He** was late because of the traffic. *(item 4)*"
    }
},
{
    "model": "lrex_item.markdownitem",
    "pk": 4,
    "fields": {
        "text": "The parents forgot to tell she about it. *(filler 4)*"
    }
},
{
    "model": "lrex_item.itemlist",
    "pk": 1,
    "fields": {
        "materials": 1,
        "number": 0,
        "items": [
            1,
            2,
            3,
            4
        ]
    }
},
{
    "model": "lrex_item.itemlist",
    "pk": 2,
    "fields": {
        "materials": 2,
        "number": 0,
        "items": [
            5,
            8
        ]
    }
},
{
    "model": "lrex_item.itemlist",
    "pk": 3,
    "fields": {
        "materials": 2,
        "number": 1,
        "items": [
            6,
            7
        ]
    }
},
{
    "model": "lrex_item.itemlist",
    "pk": 4,
    "fields": {
        "materials": 3,
        "number": 0,
        "items": [
            9,
            10,
            11,
            12
        ]
    }
},
{
    "model": "lrex_item.itemquestion",
    "pk": 1,
    "fields": {
        "item": 1,
        "number": 0,
        "question": "",
        "scale_labels": "",
        "legend": ""
    }
},
{
    "model": "lrex_item.itemquestion",
    "pk": 2,
    "fields": {
        "item": 2,
        "number": 0,
        "question": "",
        "scale_labels": "",
        "legend": ""
    }
},
{
    "model": "lrex_item.itemquestion",
    "pk": 3,
    "fields": {
        "item": 3,
        "number": 0,
        "question": "",
        "scale_labels": "",
        "legend": ""
    }
},
{
    "model": "lrex_item.itemquestion",
    "pk": 4,
    "fields": {
        "item": 4,
        "number": 0,
        "question": "",
        "scale_labels": "",
        "legend": ""
    }
},
{
    "model": "lrex_item.itemquestion",
    "pk": 5,
    "fields": {
        "item": 5,
        "number": 0,
        "question": "",
        "scale_labels": "",
        "legend": ""
    }
},
{
    "model": "lrex_item.itemquestion",
    "pk": 6,
    "fields": {
        "item": 6,
        "number": 0,
        "question": "",
        "scale_labels": "",
        "legend": ""
    }
},
{
    "model": "lrex_item.itemquestion",
    "pk": 7,
    "fields": {
        "item": 7,
        "number": 0,
        "question": "",
        "scale_labels": "",
        "legend": ""
    }
},
{
    "model": "lrex_item.itemquestion",
    "pk": 8,
    "fields": {
        "item": 8,
        "number": 0,
        "question": "",
        "scale_labels": "",
        "legend": ""
    }
},
{
    "model": "lrex_item.itemquestion",
    "pk": 9,
    "fields": {
        "item": 9,
        "number": 0,
        "question": "Who is always nice to everyone?",
        "scale_labels": "Sue,Emma",
        "legend": ""
    }
},
{
    "model": "lrex_item.itemquestion",
    "pk": 10,
    "fields": {
        "item": 10,
        "number": 0,
        "question": "Who is a horrible person?",
        "scale_labels": "Dean,Roger",
        "legend": ""
    }
},
{
    "model": "lrex_item.itemquestion",
    "pk": 11,
    "fields": {
        "item": 11,
        "number": 0,
        "question": "Who said something about the weather?",
        "scale_labels": "Nina,Rebecca",
        "legend": ""
    }
},
{
    "model": "lrex_item.itemquestion",
    "pk": 12,
    "fields": {
        "item": 12,
        "number": 0,
        "question": "Who was late because of the traffic?",
        "scale_labels": "Harry,John",
        "legend": ""
    }
},
{
    "model": "lrex_trial.questionnaire",
    "pk": 1,
    "fields": {
        "slug": "demoacceptabilityrating-1",
        "study": 1,
        "number": 1,
        "item_lists": [
            1,
            2
        ]
    }
},
{
    "model": "lrex_trial.questionnaire",
    "pk": 2,
    "fields": {
        "slug": "demoacceptabilityrating-2",
        "study": 1,
        "number": 2,
        "item_lists": [
            1,
            3
        ]
    }
},
{
    "model": "lrex_trial.questionnaire",
    "pk": 3,
    "fields": {
        "slug": "demoacceptabilityrating-3",
        "study": 1,
        "number": 3,
        "item_lists": [
            1,
            2
        ]
    }
},
{
    "model": "lrex_trial.questionnaire",
    "pk": 4,
    "fields": {
        "slug": "demoacceptabilityrating-4",
        "study": 1,
        "number": 4,
        "item_lists": [
            1,
            3
        ]
    }
},
{
    "model": "lrex_trial.questionnaire",
    "pk": 5,
    "fields": {
        "slug": "demoacceptabilityrating-5",
        "study": 1,
        "number": 5,
        "item_lists": [
            1,
            2
        ]
    }
},
{
    "model": "lrex_trial.questionnaire",
    "pk": 6,
    "fields": {
        "slug": "demoacceptabilityrating-6",
        "study": 1,
        "number": 6,
        "item_lists": [
            1,
            3
        ]
    }
},
{
    "model": "lrex_trial.questionnaire",
    "pk": 7,
    "fields": {
        "slug": "demoacceptabilityrating-7",
        "study": 1,
        "number": 7,
        "item_lists": [
            1,
            2
        ]
    }
},
{
    "model": "lrex_trial.questionnaire",
    "pk": 8,
    "fields": {
        "slug": "demoacceptabilityrating-8",
        "study": 1,
        "number": 8,
        "item_lists": [
            1,
            3
        ]
    }
},
{
    "model": "lrex_trial.questionnaire",
    "pk": 9,
    "fields": {
        "slug": "demoforcedchoice-1",
        "study": 2,
        "number": 1,
        "item_lists": [
            4
        ]
    }
},
{
    "model": "lrex_trial.questionnaire",
    "pk": 10,
    "fields": {
        "slug": "demoforcedchoice-2",
        "study": 2,
        "number": 2,
        "item_lists": [
            4
        ]
    }
},
{
    "model": "lrex_trial.questionnaire",
    "pk": 11,
    "fields": {
        "slug": "demoforcedchoice-3",
        "study": 2,
        "number": 3,
        "item_lists": [
            4
        ]
    }
},
{
    "model": "lrex_trial.questionnaire",
    "pk": 12,
    "fields": {
        "slug": "demoforcedchoice-4",
        "study": 2,
        "number": 4,
        "item_lists": [
            4
        ]
    }
},
{
    "model": "lrex_trial.questionnaireblock",
    "pk": 1,
    "fields": {
        "block": 1,
        "instructions": "",
        "short_instructions": "",
        "randomization": "pseudo",
        "study": 1
    }
},
{
    "model": "lrex_trial.questionnaireblock",
    "pk": 2,
    "fields": {
        "block": 1,
        "instructions": "",
        "short_instructions": "",
        "randomization": "true",
        "study": 2
    }
},
{
    "model": "lrex_trial.questionnaireitem",
    "pk": 1,
    "fields": {
        "number": 0,
        "questionnaire": 1,
        "item": 8,
        "question_order": null
    }
},
{
    "model": "lrex_trial.questionnaireitem",
    "pk": 2,
    "fields": {
        "number": 1,
        "questionnaire": 1,
        "item": 3,
        "question_order": null
    }
},
{
    "model": "lrex_trial.questionnaireitem",
    "pk": 3,
    "fields": {
        "number": 2,
        "questionnaire": 1,
        "item": 1,
        "question_order": null
    }
},
{
    "model": "lrex_trial.questionnaireitem",
    "pk": 4,
    "fields": {
        "number": 3,
        "questionnaire": 1,
        "item": 5,
        "question_order": null
    }
},
{
    "model": "lrex_trial.questionnaireitem",
    "pk": 5,
    "fields": {
        "number": 4,
        "questionnaire": 1,
        "item": 2,
        "question_order": null
    }
},
{
    "model": "lrex_trial.questionnaireitem",
    "pk": 6,
    "fields": {
        "number": 5,
        "questionnaire": 1,
        "item": 4,
        "question_order": null
    }
},
{
    "model": "lrex_trial.questionnaireitem",
    "pk": 7,
    "fields": {
        "number": 0,
        "questionnaire": 2,
        "item": 6,
        "question_order": null
    }
},
{
    "model": "lrex_trial.questionnaireitem",
    "pk": 8,
    "fields": {
        "number": 1,
        "questionnaire": 2,
        "item": 3,
        "question_order": null
    }
},
{
    "model": "lrex_trial.questionnaireitem",
    "pk": 9,
    "fields": {
        "number": 2,
        "questionnaire": 2,
        "item": 2,
        "question_order": null
    }
},
{
    "model": "lrex_trial.questionnaireitem",
    "pk": 10,
    "fields": {
        "number": 3,
        "questionnaire": 2,
        "item": 1,
        "question_order": null
    }
},
{
    "model": "lrex_trial.questionnaireitem",
    "pk": 11,
    "fields": {
        "number": 4,
        "questionnaire": 2,
        "item": 4,
        "question_order": null
    }
},
{
    "model": "lrex_trial.questionnaireitem",
    "pk": 12,
    "fields": {
        "number": 5,
        "questionnaire": 2,
        "item": 7,
        "question_order": null
    }
},
{
    "model": "lrex_trial.questionnaireitem",
    "pk": 13,
    "fields": {
        "number": 0,
        "questionnaire": 3,
        "item": 4,
        "question_order": null
    }
},
{
    "model": "lrex_trial.questionnaireitem",
    "pk": 14,
    "fields": {
        "number": 1,
        "questionnaire": 3,
        "item": 8,
        "question_order": null
    }
},
{
    "model": "lrex_trial.questionnaireitem",
    "pk": 15,
    "fields": {
        "number": 2,
        "questionnaire": 3,
        "item": 3,
        "question_order": null
    }
},
{
    "model": "lrex_trial.questionnaireitem",
    "pk": 16,
    "fields": {
        "number": 3,
        "questionnaire": 3,
        "item": 5,
        "question_order": null
    }
},
{
    "model": "lrex_trial.questionnaireitem",
    "pk": 17,
    "fields": {
        "number": 4,
        "questionnaire": 3,
        "item": 2,
        "question_order": null
    }
},
{
    "model": "lrex_trial.questionnaireitem",
    "pk": 18,
    "fields": {
        "number": 5,
        "questionnaire": 3,
        "item": 1,
        "question_order": null
    }
},
{
    "model": "lrex_trial.questionnaireitem",
    "pk": 19,
    "fields": {
        "number": 0,
        "questionnaire": 4,
        "item": 1,
        "question_order": null
    }
},
{
    "model": "lrex_trial.questionnaireitem",
    "pk": 20,
    "fields": {
        "number": 1,
        "questionnaire": 4,
        "item": 6,
        "question_order": null
    }
},
{
    "model": "lrex_trial.questionnaireitem",
    "pk": 21,
    "fields": {
        "number": 2,
        "questionnaire": 4,
        "item": 4,
        "question_order": null
    }
},
{
    "model": "lrex_trial.questionnaireitem",
    "pk": 22,
    "fields": {
        "number": 3,
        "questionnaire": 4,
        "item": 7,
        "question_order": null
    }
},
{
    "model": "lrex_trial.questionnaireitem",
    "pk": 23,
    "fields": {
        "number": 4,
        "questionnaire": 4,
        "item": 2,
        "question_order": null
    }
},
{
    "model": "lrex_trial.questionnaireitem",
    "pk": 24,
    "fields": {
        "number": 5,
        "questionnaire": 4,
        "item": 3,
        "question_order": null
    }
},
{
    "model": "lrex_trial.questionnaireitem",
    "pk": 25,
    "fields": {
        "number": 0,
        "questionnaire": 5,
        "item": 5,
        "question_order": null
    }
},
{
    "model": "lrex_trial.questionnaireitem",
    "pk": 26,
    "fields": {
        "number": 1,
        "questionnaire": 5,
        "item": 1,
        "question_order": null
    }
},
{
    "model": "lrex_trial.questionnaireitem",
    "pk": 27,
    "fields": {
        "number": 2,
        "questionnaire": 5,
        "item": 2,
        "question_order": null
    }
},
{
    "model": "lrex_trial.questionnaireitem",
    "pk": 28,
    "fields": {
        "number": 3,
        "questionnaire": 5,
        "item": 3,
        "question_order": null
    }
},
{
    "model": "lrex_trial.questionnaireitem",
    "pk": 29,
    "fields": {
        "number": 4,
        "questionnaire": 5,
        "item": 4,
        "question_order": null
    }
},
{
    "model": "lrex_trial.questionnaireitem",
    "pk": 30,
    "fields": {
        "number": 5,
        "questionnaire": 5,
        "item": 8,
        "question_order": null
    }
},
{
    "model": "lrex_trial.questionnaireitem",
    "pk": 31,
    "fields": {
        "number": 0,
        "questionnaire": 6,
        "item": 2,
        "question_order": null
    }
},
{
    "model": "lrex_trial.questionnaireitem",
    "pk": 32,
    "fields": {
        "number": 1,
        "questionnaire": 6,
        "item": 1,
        "question_order": null
    }
},
{
    "model": "lrex_trial.questionnaireitem",
    "pk": 33,
    "fields": {
        "number": 2,
        "questionnaire": 6,
        "item": 6,
        "question_order": null
    }
},
{
    "model": "lrex_trial.questionnaireitem",
    "pk": 34,
    "fields": {
        "number": 3,
        "questionnaire": 6,
        "item": 3,
        "question_order": null
    }
},
{
    "model": "lrex_trial.questionnaireitem",
    "pk": 35,
    "fields": {
        "number": 4,
        "questionnaire": 6,
        "item": 7,
        "question_order": null
    }
},
{
    "model": "lrex_trial.questionnaireitem",
    "pk": 36,
    "fields": {
        "number": 5,
        "questionnaire": 6,
        "item": 4,
        "question_order": null
    }
},
{
    "model": "lrex_trial.questionnaireitem",
    "pk": 37,
    "fields": {
        "number": 0,
        "questionnaire": 7,
        "item": 1,
        "question_order": null
    }
},
{
    "model": "lrex_trial.questionnaireitem",
    "pk": 38,
    "fields": {
        "number": 1,
        "questionnaire": 7,
        "item": 8,
        "question_order": null
    }
},
{
    "model": "lrex_trial.questionnaireitem",
    "pk": 39,
    "fields": {
        "number": 2,
        "questionnaire": 7,
        "item": 4,
        "question_order": null
    }
},
{
    "model": "lrex_trial.questionnaireitem",
    "pk": 40,
    "fields": {
        "number": 3,
        "questionnaire": 7,
        "item": 5,
        "question_order": null
    }
},
{
    "model": "lrex_trial.questionnaireitem",
    "pk": 41,
    "fields": {
        "number": 4,
        "questionnaire": 7,
        "item": 3,
        "question_order": null
    }
},
{
    "model": "lrex_trial.questionnaireitem",
    "pk": 42,
    "fields": {
        "number": 5,
        "questionnaire": 7,
        "item": 2,
        "question_order": null
    }
},
{
    "model": "lrex_trial.questionnaireitem",
    "pk": 43,
    "fields": {
        "number": 0,
        "questionnaire": 8,
        "item": 3,
        "question_order": null
    }
},
{
    "model": "lrex_trial.questionnaireitem",
    "pk": 44,
    "fields": {
        "number": 1,
        "questionnaire": 8,
        "item": 2,
        "question_order": null
    }
},
{
    "model": "lrex_trial.questionnaireitem",
    "pk": 45,
    "fields": {
        "number": 2,
        "questionnaire": 8,
        "item": 6,
        "question_order": null
    }
},
{
    "model": "lrex_trial.questionnaireitem",
    "pk": 46,
    "fields": {
        "number": 3,
        "questionnaire": 8,
        "item": 4,
        "question_order": null
    }
},
{
    "model": "lrex_trial.questionnaireitem",
    "pk": 47,
    "fields": {
        "number": 4,
        "questionnaire": 8,
        "item": 1,
        "question_order": null
    }
},
{
    "model": "lrex_trial.questionnaireitem",
    "pk": 48,
    "fields": {
        "number": 5,
        "questionnaire": 8,
        "item": 7,
        "question_order": null
    }
},
{
    "model": "lrex_trial.questionnaireitem",
    "pk": 49,
    "fields": {
        "number": 0,
        "questionnaire": 9,
        "item": 12,
        "question_order": null
    }
},
{
    "model": "lrex_trial.questionnaireitem",
    "pk": 50,
    "fields": {
        "number": 1,
        "questionnaire": 9,
        "item": 9,
        "question_order": null
    }
},
{
    "model": "lrex_trial.questionnaireitem",
    "pk": 51,
    "fields": {
        "number": 2,
        "questionnaire": 9,
        "item": 10,
        "question_order": null
    }
},
{
    "model": "lrex_trial.questionnaireitem",
    "pk": 52,
    "fields": {
        "number": 3,
        "questionnaire": 9,
        "item": 11,
        "question_order": null
    }
},
{
    "model": "lrex_trial.questionnaireitem",
    "pk": 53,
    "fields": {
        "number": 0,
        "questionnaire": 10,
        "item": 9,
        "question_order": null
    }
},
{
    "model": "lrex_trial.questionnaireitem",
    "pk": 54,
    "fields": {
        "number": 1,
        "questionnaire": 10,
        "item": 12,
        "question_order": null
    }
},
{
    "model": "lrex_trial.questionnaireitem",
    "pk": 55,
    "fields": {
        "number": 2,
        "questionnaire": 10,
        "item": 10,
        "question_order": null
    }
},
{
    "model": "lrex_trial.questionnaireitem",
    "pk": 56,
    "fields": {
        "number": 3,
        "questionnaire": 10,
        "item": 11,
        "question_order": null
    }
},
{
    "model": "lrex_trial.questionnaireitem",
    "pk": 57,
    "fields": {
        "number": 0,
        "questionnaire": 11,
        "item": 11,
        "question_order": null
    }
},
{
    "model": "lrex_trial.questionnaireitem",
    "pk": 58,
    "fields": {
        "number": 1,
        "questionnaire": 11,
        "item": 12,
        "question_order": null
    }
},
{
    "model": "lrex_trial.questionnaireitem",
    "pk": 59,
    "fields": {
        "number": 2,
        "questionnaire": 11,
        "item": 9,
        "question_order": null
    }
},
{
    "model": "lrex_trial.questionnaireitem",
    "pk": 60,
    "fields": {
        "number": 3,
        "questionnaire": 11,
        "item": 10,
        "question_order": null
    }
},
{
    "model": "lrex_trial.questionnaireitem",
    "pk": 61,
    "fields": {
        "number": 0,
        "questionnaire": 12,
        "item": 9,
        "question_order": null
    }
},
{
    "model": "lrex_trial.questionnaireitem",
    "pk": 62,
    "fields": {
        "number": 1,
        "questionnaire": 12,
        "item": 12,
        "question_order": null
    }
},
{
    "model": "lrex_trial.questionnaireitem",
    "pk": 63,
    "fields": {
        "number": 2,
        "questionnaire": 12,
        "item": 10,
        "question_order": null
    }
},
{
    "model": "lrex_trial.questionnaireitem",
    "pk": 64,
    "fields": {
        "number": 3,
        "questionnaire": 12,
        "item": 11,
        "question_order": null
    }
}
]
