[{"model": "contenttypes.contenttype", "pk": 1, "fields": {"app_label": "admin", "model": "logentry"}}, {"model": "contenttypes.contenttype", "pk": 2, "fields": {"app_label": "auth", "model": "permission"}}, {"model": "contenttypes.contenttype", "pk": 3, "fields": {"app_label": "auth", "model": "group"}}, {"model": "contenttypes.contenttype", "pk": 4, "fields": {"app_label": "auth", "model": "user"}}, {"model": "contenttypes.contenttype", "pk": 5, "fields": {"app_label": "contenttypes", "model": "contenttype"}}, {"model": "contenttypes.contenttype", "pk": 6, "fields": {"app_label": "sessions", "model": "session"}}, {"model": "contenttypes.contenttype", "pk": 7, "fields": {"app_label": "lrex_setup", "model": "setup"}}, {"model": "contenttypes.contenttype", "pk": 8, "fields": {"app_label": "lrex_experiment", "model": "experiment"}}, {"model": "contenttypes.contenttype", "pk": 9, "fields": {"app_label": "lrex_response_settings", "model": "responsesettings"}}, {"model": "contenttypes.contenttype", "pk": 10, "fields": {"app_label": "lrex_response_settings", "model": "binaryresponsesettings"}}, {"model": "contenttypes.contenttype", "pk": 11, "fields": {"app_label": "lrex_response", "model": "userresponse"}}, {"model": "contenttypes.contenttype", "pk": 12, "fields": {"app_label": "lrex_response", "model": "userbinaryresponse"}}, {"model": "contenttypes.contenttype", "pk": 13, "fields": {"app_label": "lrex_item", "model": "item"}}, {"model": "contenttypes.contenttype", "pk": 14, "fields": {"app_label": "lrex_item", "model": "list"}}, {"model": "contenttypes.contenttype", "pk": 15, "fields": {"app_label": "lrex_item", "model": "listitem"}}, {"model": "contenttypes.contenttype", "pk": 16, "fields": {"app_label": "lrex_item", "model": "textitem"}}, {"model": "contenttypes.contenttype", "pk": 17, "fields": {"app_label": "lrex_trial", "model": "trial"}}, {"model": "contenttypes.contenttype", "pk": 18, "fields": {"app_label": "lrex_trial", "model": "triallist"}}, {"model": "contenttypes.contenttype", "pk": 19, "fields": {"app_label": "lrex_trial", "model": "usertrial"}}, {"model": "contenttypes.contenttype", "pk": 20, "fields": {"app_label": "lrex_trial", "model": "usertrialitem"}}, {"model": "sessions.session", "pk": "4aob1ikzg1mrwz3pjt2e8hgjl0kwh5it", "fields": {"session_data": "MTExNmQzNmRkOGZmZWIzZThhYjAzODIzODdhMzBjZWZlYTljMjMyNzp7Il9hdXRoX3VzZXJfaWQiOiIxIiwiX2F1dGhfdXNlcl9iYWNrZW5kIjoiZGphbmdvLmNvbnRyaWIuYXV0aC5iYWNrZW5kcy5Nb2RlbEJhY2tlbmQiLCJfYXV0aF91c2VyX2hhc2giOiI5M2QxMmFhMmJlZjUzOWRhNjY1YWYzMDdhNGFmYjE4MTRlOTI2MTM3In0=", "expire_date": "2018-02-28T15:31:27.830Z"}}, {"model": "lrex_experiment.experiment", "pk": 1, "fields": {"title": "Class vestibulum bibendum odio", "slug": "class-vestibulum-bibendum-odio", "setup": 1}}, {"model": "lrex_experiment.experiment", "pk": 2, "fields": {"title": "Fermentum aptent volutpat in lacus", "slug": "fermentum-aptent-volutpat-in-lacus", "setup": 1}}, {"model": "lrex_response_settings.responsesettings", "pk": 1, "fields": {"setup": 1, "question": "Vivamus lorem vel eget curae in magnis commodo cras vitae ullamcorper hac, diam metus at.", "legend": "Pretium sem aenean quam ipsum nulla ultrices metus consequat. Fusce. Ac enim etiam eget in sollicitudin cursus lorem cum aenean eget congue.", "instructions": "", "reponse_type": "bin"}}, {"model": "lrex_response_settings.binaryresponsesettings", "pk": 1, "fields": {"yes": "Bbene", "no": "Male"}}, {"model": "lrex_item.item", "pk": 1, "fields": {"number": 1, "condition": "a", "experiment": 1}}, {"model": "lrex_item.item", "pk": 2, "fields": {"number": 1, "condition": "b", "experiment": 1}}, {"model": "lrex_item.item", "pk": 3, "fields": {"number": 2, "condition": "a", "experiment": 1}}, {"model": "lrex_item.item", "pk": 4, "fields": {"number": 2, "condition": "b", "experiment": 1}}, {"model": "lrex_item.item", "pk": 5, "fields": {"number": 1, "condition": "a", "experiment": 2}}, {"model": "lrex_item.item", "pk": 6, "fields": {"number": 1, "condition": "b", "experiment": 2}}, {"model": "lrex_item.item", "pk": 7, "fields": {"number": 2, "condition": "a", "experiment": 2}}, {"model": "lrex_item.item", "pk": 8, "fields": {"number": 2, "condition": "b", "experiment": 2}}, {"model": "lrex_item.textitem", "pk": 1, "fields": {"text": "(1a) Enim euismod orci, consectetuer at potenti ante quam quam rhoncus ad. Nibh ultrices et, nec erat pulvinar volutpat class. Dictumst."}}, {"model": "lrex_item.textitem", "pk": 5, "fields": {"text": "(1a) Pretium, sapien hac sed sollicitudin lectus lorem etiam mus adipiscing convallis, metus quis."}}, {"model": "lrex_item.textitem", "pk": 6, "fields": {"text": "(1b) Quisque arcu nibh, posuere aenean, vitae, erat quis donec."}}, {"model": "lrex_item.textitem", "pk": 2, "fields": {"text": "(1b) Etiam. Aliquam lacus, justo a, nonummy mollis, convallis."}}, {"model": "lrex_item.textitem", "pk": 3, "fields": {"text": "(2a) Justo sapien suspendisse proin facilisis inceptos eros. Interdum congue tempor elementum mi, condimentum urna, nisi, etiam libero porta."}}, {"model": "lrex_item.textitem", "pk": 7, "fields": {"text": "(2a) Varius elementum porta cras molestie mi, rutrum molestie."}}, {"model": "lrex_item.textitem", "pk": 4, "fields": {"text": "(2b) Vulputate eget integer a, suspendisse cum. Nam."}}, {"model": "lrex_item.textitem", "pk": 8, "fields": {"text": "(2b) Ipsum nullam etiam rutrum velit, venenatis bibendum tellus. Odio etiam hymenaeos dui quam."}}, {"model": "lrex_item.list", "pk": 1, "fields": {"number": 0, "experiment": 1}}, {"model": "lrex_item.list", "pk": 2, "fields": {"number": 1, "experiment": 1}}, {"model": "lrex_item.list", "pk": 3, "fields": {"number": 0, "experiment": 2}}, {"model": "lrex_item.list", "pk": 4, "fields": {"number": 1, "experiment": 2}}, {"model": "lrex_item.listitem", "pk": 1, "fields": {"list": 1, "item": 1}}, {"model": "lrex_item.listitem", "pk": 2, "fields": {"list": 2, "item": 2}}, {"model": "lrex_item.listitem", "pk": 3, "fields": {"list": 2, "item": 3}}, {"model": "lrex_item.listitem", "pk": 4, "fields": {"list": 1, "item": 4}}, {"model": "lrex_item.listitem", "pk": 5, "fields": {"list": 3, "item": 5}}, {"model": "lrex_item.listitem", "pk": 6, "fields": {"list": 4, "item": 6}}, {"model": "lrex_item.listitem", "pk": 7, "fields": {"list": 4, "item": 7}}, {"model": "lrex_item.listitem", "pk": 8, "fields": {"list": 3, "item": 8}}, {"model": "lrex_trial.trial", "pk": 1, "fields": {"number": 0, "setup": 1}}, {"model": "lrex_trial.trial", "pk": 2, "fields": {"number": 1, "setup": 1}}, {"model": "lrex_trial.triallist", "pk": 1, "fields": {"trial": 1, "list": 3}}, {"model": "lrex_trial.triallist", "pk": 2, "fields": {"trial": 1, "list": 1}}, {"model": "lrex_trial.triallist", "pk": 3, "fields": {"trial": 2, "list": 4}}, {"model": "lrex_trial.triallist", "pk": 4, "fields": {"trial": 2, "list": 2}}, {"model": "auth.permission", "pk": 1, "fields": {"name": "Can add log entry", "content_type": 1, "codename": "add_logentry"}}, {"model": "auth.permission", "pk": 2, "fields": {"name": "Can change log entry", "content_type": 1, "codename": "change_logentry"}}, {"model": "auth.permission", "pk": 3, "fields": {"name": "Can delete log entry", "content_type": 1, "codename": "delete_logentry"}}, {"model": "auth.permission", "pk": 4, "fields": {"name": "Can add permission", "content_type": 2, "codename": "add_permission"}}, {"model": "auth.permission", "pk": 5, "fields": {"name": "Can change permission", "content_type": 2, "codename": "change_permission"}}, {"model": "auth.permission", "pk": 6, "fields": {"name": "Can delete permission", "content_type": 2, "codename": "delete_permission"}}, {"model": "auth.permission", "pk": 7, "fields": {"name": "Can add group", "content_type": 3, "codename": "add_group"}}, {"model": "auth.permission", "pk": 8, "fields": {"name": "Can change group", "content_type": 3, "codename": "change_group"}}, {"model": "auth.permission", "pk": 9, "fields": {"name": "Can delete group", "content_type": 3, "codename": "delete_group"}}, {"model": "auth.permission", "pk": 10, "fields": {"name": "Can add user", "content_type": 4, "codename": "add_user"}}, {"model": "auth.permission", "pk": 11, "fields": {"name": "Can change user", "content_type": 4, "codename": "change_user"}}, {"model": "auth.permission", "pk": 12, "fields": {"name": "Can delete user", "content_type": 4, "codename": "delete_user"}}, {"model": "auth.permission", "pk": 13, "fields": {"name": "Can add content type", "content_type": 5, "codename": "add_contenttype"}}, {"model": "auth.permission", "pk": 14, "fields": {"name": "Can change content type", "content_type": 5, "codename": "change_contenttype"}}, {"model": "auth.permission", "pk": 15, "fields": {"name": "Can delete content type", "content_type": 5, "codename": "delete_contenttype"}}, {"model": "auth.permission", "pk": 16, "fields": {"name": "Can add session", "content_type": 6, "codename": "add_session"}}, {"model": "auth.permission", "pk": 17, "fields": {"name": "Can change session", "content_type": 6, "codename": "change_session"}}, {"model": "auth.permission", "pk": 18, "fields": {"name": "Can delete session", "content_type": 6, "codename": "delete_session"}}, {"model": "auth.permission", "pk": 19, "fields": {"name": "Can add setup", "content_type": 7, "codename": "add_setup"}}, {"model": "auth.permission", "pk": 20, "fields": {"name": "Can change setup", "content_type": 7, "codename": "change_setup"}}, {"model": "auth.permission", "pk": 21, "fields": {"name": "Can delete setup", "content_type": 7, "codename": "delete_setup"}}, {"model": "auth.permission", "pk": 22, "fields": {"name": "Can add experiment", "content_type": 8, "codename": "add_experiment"}}, {"model": "auth.permission", "pk": 23, "fields": {"name": "Can change experiment", "content_type": 8, "codename": "change_experiment"}}, {"model": "auth.permission", "pk": 24, "fields": {"name": "Can delete experiment", "content_type": 8, "codename": "delete_experiment"}}, {"model": "auth.permission", "pk": 25, "fields": {"name": "Can add response settings", "content_type": 9, "codename": "add_responsesettings"}}, {"model": "auth.permission", "pk": 26, "fields": {"name": "Can change response settings", "content_type": 9, "codename": "change_responsesettings"}}, {"model": "auth.permission", "pk": 27, "fields": {"name": "Can delete response settings", "content_type": 9, "codename": "delete_responsesettings"}}, {"model": "auth.permission", "pk": 28, "fields": {"name": "Can add binary response settings", "content_type": 10, "codename": "add_binaryresponsesettings"}}, {"model": "auth.permission", "pk": 29, "fields": {"name": "Can change binary response settings", "content_type": 10, "codename": "change_binaryresponsesettings"}}, {"model": "auth.permission", "pk": 30, "fields": {"name": "Can delete binary response settings", "content_type": 10, "codename": "delete_binaryresponsesettings"}}, {"model": "auth.permission", "pk": 31, "fields": {"name": "Can add user response", "content_type": 11, "codename": "add_userresponse"}}, {"model": "auth.permission", "pk": 32, "fields": {"name": "Can change user response", "content_type": 11, "codename": "change_userresponse"}}, {"model": "auth.permission", "pk": 33, "fields": {"name": "Can delete user response", "content_type": 11, "codename": "delete_userresponse"}}, {"model": "auth.permission", "pk": 34, "fields": {"name": "Can add user binary response", "content_type": 12, "codename": "add_userbinaryresponse"}}, {"model": "auth.permission", "pk": 35, "fields": {"name": "Can change user binary response", "content_type": 12, "codename": "change_userbinaryresponse"}}, {"model": "auth.permission", "pk": 36, "fields": {"name": "Can delete user binary response", "content_type": 12, "codename": "delete_userbinaryresponse"}}, {"model": "auth.permission", "pk": 37, "fields": {"name": "Can add item", "content_type": 13, "codename": "add_item"}}, {"model": "auth.permission", "pk": 38, "fields": {"name": "Can change item", "content_type": 13, "codename": "change_item"}}, {"model": "auth.permission", "pk": 39, "fields": {"name": "Can delete item", "content_type": 13, "codename": "delete_item"}}, {"model": "auth.permission", "pk": 40, "fields": {"name": "Can add list", "content_type": 14, "codename": "add_list"}}, {"model": "auth.permission", "pk": 41, "fields": {"name": "Can change list", "content_type": 14, "codename": "change_list"}}, {"model": "auth.permission", "pk": 42, "fields": {"name": "Can delete list", "content_type": 14, "codename": "delete_list"}}, {"model": "auth.permission", "pk": 43, "fields": {"name": "Can add list item", "content_type": 15, "codename": "add_listitem"}}, {"model": "auth.permission", "pk": 44, "fields": {"name": "Can change list item", "content_type": 15, "codename": "change_listitem"}}, {"model": "auth.permission", "pk": 45, "fields": {"name": "Can delete list item", "content_type": 15, "codename": "delete_listitem"}}, {"model": "auth.permission", "pk": 46, "fields": {"name": "Can add text item", "content_type": 16, "codename": "add_textitem"}}, {"model": "auth.permission", "pk": 47, "fields": {"name": "Can change text item", "content_type": 16, "codename": "change_textitem"}}, {"model": "auth.permission", "pk": 48, "fields": {"name": "Can delete text item", "content_type": 16, "codename": "delete_textitem"}}, {"model": "auth.permission", "pk": 49, "fields": {"name": "Can add trial", "content_type": 17, "codename": "add_trial"}}, {"model": "auth.permission", "pk": 50, "fields": {"name": "Can change trial", "content_type": 17, "codename": "change_trial"}}, {"model": "auth.permission", "pk": 51, "fields": {"name": "Can delete trial", "content_type": 17, "codename": "delete_trial"}}, {"model": "auth.permission", "pk": 52, "fields": {"name": "Can add trial list", "content_type": 18, "codename": "add_triallist"}}, {"model": "auth.permission", "pk": 53, "fields": {"name": "Can change trial list", "content_type": 18, "codename": "change_triallist"}}, {"model": "auth.permission", "pk": 54, "fields": {"name": "Can delete trial list", "content_type": 18, "codename": "delete_triallist"}}, {"model": "auth.permission", "pk": 55, "fields": {"name": "Can add user trial", "content_type": 19, "codename": "add_usertrial"}}, {"model": "auth.permission", "pk": 56, "fields": {"name": "Can change user trial", "content_type": 19, "codename": "change_usertrial"}}, {"model": "auth.permission", "pk": 57, "fields": {"name": "Can delete user trial", "content_type": 19, "codename": "delete_usertrial"}}, {"model": "auth.permission", "pk": 58, "fields": {"name": "Can add user trial item", "content_type": 20, "codename": "add_usertrialitem"}}, {"model": "auth.permission", "pk": 59, "fields": {"name": "Can change user trial item", "content_type": 20, "codename": "change_usertrialitem"}}, {"model": "auth.permission", "pk": 60, "fields": {"name": "Can delete user trial item", "content_type": 20, "codename": "delete_usertrialitem"}}, {"model": "auth.user", "pk": 1, "fields": {"password": "pbkdf2_sha256$100000$NQmlyoKci3BO$Az1VDqmXH0691I+rzThgAlTVAo1yQzyonOw9lU7VAJc=", "last_login": "2018-02-14T15:31:27.804Z", "is_superuser": true, "username": "admin", "first_name": "", "last_name": "", "email": "admin@lrex.de", "is_staff": true, "is_active": true, "date_joined": "2018-02-14T15:31:03.293Z", "groups": [], "user_permissions": []}}, {"model": "lrex_setup.setup", "pk": 1, "fields": {"title": "Consequat elit eget elit urna ultricies at", "slug": "consequat-elit-eget-elit-urna-ultricies-at", "creator": 1, "item_type": "txt"}}]